Airline,Source,Destination,Class,Departure_Time,Days_Left,Price
SpiceJet,Bangalore,Bangalore,Economy,Night,28,12641
AirAsia,Delhi,Bangalore,Economy,Evening,28,24778
Vistara,Chennai,Bangalore,Economy,Afternoon,19,27264
AirAsia,Hyderabad,Bangalore,Economy,Morning,17,29907
AirAsia,Hyderabad,Chennai,Economy,Afternoon,14,8075
Air India,Delhi,Chennai,Economy,Night,19,13412
Vistara,Bangalore,Mumbai,Economy,Afternoon,22,18686
Vistara,Bangalore,Delhi,Economy,Afternoon,24,10230
Vistara,Chennai,Bangalore,Economy,Morning,13,18432
AirAsia,Delhi,Mumbai,Business,Night,12,14002
SpiceJet,Hyderabad,Delhi,Business,Evening,26,16947
Vistara,Bangalore,Hyderabad,Business,Evening,6,16686
AirAsia,Delhi,Chennai,Economy,Morning,21,20915
Air India,Bangalore,Delhi,Economy,Afternoon,4,16074
SpiceJet,Bangalore,Hyderabad,Economy,Morning,19,22374
Air India,Hyderabad,Delhi,Economy,Morning,16,26539
SpiceJet,Mumbai,Chennai,Economy,Morning,13,7493
AirAsia,Chennai,Chennai,Economy,Afternoon,4,28719
IndiGo,Chennai,Mumbai,Economy,Night,23,20317
SpiceJet,Hyderabad,Bangalore,Economy,Morning,17,4460
Air India,Bangalore,Delhi,Economy,Afternoon,23,17140
AirAsia,Delhi,Delhi,Economy,Night,1,22107
SpiceJet,Bangalore,Hyderabad,Economy,Morning,18,13704
IndiGo,Hyderabad,Chennai,Business,Evening,20,19669
IndiGo,Chennai,Delhi,Economy,Night,17,19648
Vistara,Bangalore,Chennai,Economy,Morning,27,29943
Vistara,Chennai,Delhi,Economy,Night,28,9816
Air India,Delhi,Mumbai,Economy,Night,27,14639
SpiceJet,Chennai,Bangalore,Economy,Night,15,17424
SpiceJet,Chennai,Delhi,Economy,Night,11,16965
Vistara,Mumbai,Chennai,Economy,Night,25,21146
SpiceJet,Mumbai,Mumbai,Economy,Night,28,14240
SpiceJet,Mumbai,Delhi,Economy,Morning,22,29957
IndiGo,Chennai,Hyderabad,Economy,Evening,13,29845
Vistara,Hyderabad,Bangalore,Business,Afternoon,1,3040
AirAsia,Chennai,Delhi,Economy,Night,17,8827
Vistara,Hyderabad,Mumbai,Economy,Afternoon,6,11259
AirAsia,Hyderabad,Hyderabad,Business,Morning,4,20371
IndiGo,Mumbai,Mumbai,Economy,Night,20,17849
Air India,Bangalore,Mumbai,Economy,Evening,16,19232
SpiceJet,Delhi,Hyderabad,Economy,Afternoon,15,10804
IndiGo,Mumbai,Mumbai,Economy,Night,27,27173
SpiceJet,Mumbai,Hyderabad,Business,Morning,15,25101
Air India,Bangalore,Delhi,Economy,Evening,6,22582
Air India,Delhi,Hyderabad,Business,Afternoon,15,8374
IndiGo,Chennai,Hyderabad,Economy,Afternoon,14,24174
Air India,Chennai,Bangalore,Economy,Night,28,26567
AirAsia,Mumbai,Hyderabad,Economy,Evening,11,5524
Air India,Delhi,Hyderabad,Economy,Evening,7,12277
SpiceJet,Mumbai,Delhi,Economy,Evening,9,21863
SpiceJet,Hyderabad,Bangalore,Business,Evening,26,12885
SpiceJet,Mumbai,Chennai,Economy,Morning,16,29891
SpiceJet,Mumbai,Delhi,Business,Evening,5,24538
AirAsia,Chennai,Delhi,Economy,Afternoon,25,3778
Vistara,Chennai,Chennai,Business,Afternoon,20,29161
IndiGo,Chennai,Hyderabad,Economy,Morning,29,4492
SpiceJet,Hyderabad,Mumbai,Economy,Afternoon,10,20044
Air India,Chennai,Bangalore,Business,Afternoon,18,20732
SpiceJet,Delhi,Mumbai,Economy,Evening,3,16615
Air India,Bangalore,Chennai,Economy,Afternoon,13,28875
Air India,Delhi,Delhi,Economy,Morning,11,15132
SpiceJet,Delhi,Delhi,Economy,Evening,17,13178
AirAsia,Chennai,Bangalore,Business,Night,22,10851
Air India,Bangalore,Delhi,Economy,Evening,13,19288
Air India,Bangalore,Delhi,Economy,Morning,6,10156
SpiceJet,Bangalore,Bangalore,Economy,Evening,17,5044
Air India,Hyderabad,Bangalore,Economy,Evening,27,10368
Air India,Chennai,Chennai,Economy,Morning,13,22900
SpiceJet,Bangalore,Delhi,Economy,Evening,19,16635
SpiceJet,Hyderabad,Delhi,Economy,Morning,21,28634
IndiGo,Mumbai,Chennai,Economy,Morning,19,12168
AirAsia,Mumbai,Hyderabad,Economy,Night,10,23961
AirAsia,Hyderabad,Hyderabad,Economy,Afternoon,3,20111
Air India,Hyderabad,Hyderabad,Economy,Afternoon,14,14328
AirAsia,Chennai,Chennai,Economy,Evening,26,16319
Air India,Chennai,Delhi,Economy,Evening,19,26852
IndiGo,Mumbai,Chennai,Economy,Night,5,3342
SpiceJet,Bangalore,Chennai,Economy,Night,29,4447
SpiceJet,Mumbai,Hyderabad,Economy,Night,5,29955
SpiceJet,Bangalore,Mumbai,Economy,Morning,20,9581
AirAsia,Bangalore,Delhi,Economy,Night,17,14851
IndiGo,Chennai,Hyderabad,Economy,Night,21,9317
AirAsia,Delhi,Mumbai,Economy,Evening,10,19910
AirAsia,Delhi,Mumbai,Economy,Night,5,13088
IndiGo,Hyderabad,Bangalore,Economy,Morning,4,15946
IndiGo,Chennai,Delhi,Business,Morning,6,29649
IndiGo,Bangalore,Mumbai,Economy,Evening,26,26132
IndiGo,Delhi,Hyderabad,Economy,Night,4,19789
SpiceJet,Bangalore,Bangalore,Economy,Night,7,17567
Vistara,Delhi,Delhi,Economy,Morning,7,17868
Vistara,Delhi,Chennai,Economy,Night,18,27370
IndiGo,Delhi,Hyderabad,Business,Night,3,12765
Vistara,Chennai,Mumbai,Economy,Night,1,23124
Vistara,Mumbai,Mumbai,Economy,Afternoon,24,15466
IndiGo,Bangalore,Hyderabad,Economy,Evening,25,21230
Vistara,Chennai,Mumbai,Economy,Afternoon,4,20862
AirAsia,Chennai,Bangalore,Economy,Evening,6,13587
Air India,Chennai,Delhi,Economy,Morning,9,3771
Air India,Chennai,Bangalore,Economy,Night,22,24909
IndiGo,Chennai,Mumbai,Economy,Evening,14,19300
SpiceJet,Hyderabad,Chennai,Economy,Afternoon,28,11770
IndiGo,Bangalore,Delhi,Economy,Night,12,14093
SpiceJet,Chennai,Delhi,Economy,Morning,28,16803
Air India,Bangalore,Hyderabad,Economy,Evening,25,3193
IndiGo,Hyderabad,Hyderabad,Economy,Evening,20,5007
AirAsia,Hyderabad,Chennai,Economy,Evening,24,20569
Vistara,Bangalore,Delhi,Economy,Night,25,21778
SpiceJet,Delhi,Chennai,Economy,Afternoon,4,14190
Vistara,Mumbai,Hyderabad,Business,Afternoon,21,12984
Vistara,Delhi,Hyderabad,Economy,Evening,24,12302
IndiGo,Delhi,Delhi,Economy,Morning,12,23389
Vistara,Delhi,Bangalore,Economy,Morning,10,10429
AirAsia,Chennai,Mumbai,Economy,Afternoon,22,5261
Vistara,Hyderabad,Hyderabad,Economy,Morning,28,23120
IndiGo,Delhi,Hyderabad,Economy,Afternoon,7,29512
AirAsia,Hyderabad,Bangalore,Business,Evening,3,9716
Air India,Bangalore,Bangalore,Economy,Afternoon,23,24259
Vistara,Mumbai,Chennai,Economy,Afternoon,28,11921
IndiGo,Bangalore,Chennai,Economy,Evening,14,7378
Air India,Bangalore,Mumbai,Business,Morning,24,10815
Air India,Chennai,Mumbai,Economy,Afternoon,10,16778
SpiceJet,Mumbai,Delhi,Business,Afternoon,16,22835
AirAsia,Bangalore,Chennai,Economy,Evening,16,27000
Vistara,Bangalore,Hyderabad,Business,Morning,22,15728
IndiGo,Mumbai,Chennai,Economy,Afternoon,10,13332
SpiceJet,Mumbai,Hyderabad,Business,Evening,25,12836
AirAsia,Bangalore,Bangalore,Economy,Afternoon,13,5800
SpiceJet,Mumbai,Chennai,Business,Night,6,11333
AirAsia,Bangalore,Bangalore,Economy,Evening,12,8410
AirAsia,Bangalore,Mumbai,Economy,Morning,9,20839
Vistara,Chennai,Mumbai,Economy,Morning,13,26276
AirAsia,Delhi,Delhi,Economy,Morning,4,8808
SpiceJet,Bangalore,Chennai,Economy,Morning,24,9796
AirAsia,Hyderabad,Bangalore,Economy,Afternoon,11,24180
Vistara,Delhi,Hyderabad,Economy,Afternoon,20,24477
Vistara,Delhi,Mumbai,Economy,Morning,18,13288
SpiceJet,Delhi,Mumbai,Business,Morning,26,20709
Air India,Chennai,Hyderabad,Economy,Morning,11,24360
Air India,Bangalore,Bangalore,Business,Afternoon,25,28789
AirAsia,Chennai,Bangalore,Economy,Morning,21,20543
IndiGo,Bangalore,Chennai,Economy,Morning,4,7650
AirAsia,Chennai,Chennai,Economy,Night,18,7987
SpiceJet,Chennai,Delhi,Economy,Night,1,18200
SpiceJet,Hyderabad,Mumbai,Economy,Morning,27,7697
SpiceJet,Chennai,Chennai,Economy,Evening,7,19724
SpiceJet,Mumbai,Bangalore,Economy,Morning,6,6828
SpiceJet,Hyderabad,Hyderabad,Economy,Night,15,21352
Vistara,Chennai,Bangalore,Business,Evening,18,20087
Air India,Delhi,Mumbai,Business,Evening,24,15605
SpiceJet,Mumbai,Bangalore,Economy,Morning,11,8482
IndiGo,Mumbai,Delhi,Economy,Night,20,25760
IndiGo,Mumbai,Mumbai,Economy,Night,24,21184
IndiGo,Hyderabad,Hyderabad,Economy,Evening,15,8463
IndiGo,Chennai,Delhi,Economy,Morning,16,16860
Vistara,Chennai,Mumbai,Economy,Afternoon,7,7912
IndiGo,Delhi,Hyderabad,Economy,Afternoon,21,7648
SpiceJet,Delhi,Delhi,Business,Night,10,3855
AirAsia,Mumbai,Delhi,Economy,Afternoon,26,29388
IndiGo,Delhi,Mumbai,Economy,Night,12,5866
Vistara,Hyderabad,Chennai,Economy,Night,24,14834
Vistara,Chennai,Delhi,Economy,Night,14,19294
IndiGo,Mumbai,Delhi,Economy,Afternoon,25,19566
AirAsia,Delhi,Hyderabad,Business,Night,5,6112
IndiGo,Hyderabad,Bangalore,Economy,Evening,26,25054
Vistara,Hyderabad,Mumbai,Business,Morning,21,7492
Air India,Delhi,Mumbai,Economy,Morning,18,25207
SpiceJet,Chennai,Chennai,Economy,Night,5,18114
Vistara,Delhi,Chennai,Economy,Morning,3,4517
IndiGo,Mumbai,Mumbai,Economy,Afternoon,23,19018
SpiceJet,Delhi,Chennai,Business,Afternoon,26,24386
IndiGo,Hyderabad,Hyderabad,Business,Morning,5,20740
IndiGo,Delhi,Mumbai,Economy,Afternoon,24,29750
Air India,Chennai,Chennai,Economy,Morning,17,23013
SpiceJet,Bangalore,Mumbai,Economy,Morning,19,23012
SpiceJet,Delhi,Bangalore,Business,Morning,19,14431
Air India,Chennai,Delhi,Economy,Night,25,11210
Vistara,Chennai,Mumbai,Economy,Morning,21,14595
IndiGo,Hyderabad,Delhi,Economy,Night,12,15871
AirAsia,Chennai,Chennai,Economy,Morning,25,15743
IndiGo,Chennai,Delhi,Economy,Morning,29,25516
IndiGo,Chennai,Mumbai,Economy,Morning,9,12324
Vistara,Chennai,Bangalore,Business,Afternoon,1,14531
IndiGo,Mumbai,Chennai,Economy,Night,18,9588
Air India,Mumbai,Mumbai,Economy,Night,21,6311
Air India,Hyderabad,Chennai,Business,Morning,4,25432
SpiceJet,Delhi,Hyderabad,Economy,Morning,10,25630
AirAsia,Chennai,Delhi,Business,Afternoon,25,3987
IndiGo,Delhi,Hyderabad,Economy,Afternoon,7,6321
IndiGo,Delhi,Mumbai,Economy,Afternoon,22,18812
Vistara,Hyderabad,Bangalore,Business,Night,23,7615
Air India,Chennai,Chennai,Economy,Night,1,18512
AirAsia,Chennai,Delhi,Economy,Night,17,16146
SpiceJet,Bangalore,Chennai,Economy,Morning,24,27749
Air India,Delhi,Mumbai,Economy,Night,29,16654
SpiceJet,Delhi,Chennai,Economy,Evening,29,23125
Vistara,Mumbai,Delhi,Economy,Evening,2,6052
Vistara,Bangalore,Mumbai,Business,Afternoon,28,25958
IndiGo,Mumbai,Chennai,Economy,Night,26,3726
AirAsia,Mumbai,Bangalore,Economy,Evening,11,6760
SpiceJet,Mumbai,Mumbai,Economy,Afternoon,9,25190
Air India,Hyderabad,Mumbai,Economy,Night,7,4875
Vistara,Hyderabad,Bangalore,Economy,Morning,22,26377
IndiGo,Mumbai,Hyderabad,Business,Evening,17,16969
IndiGo,Bangalore,Delhi,Economy,Morning,17,7033
SpiceJet,Delhi,Hyderabad,Economy,Night,2,8443
Vistara,Bangalore,Chennai,Economy,Evening,6,20373
AirAsia,Chennai,Bangalore,Economy,Night,14,6744
Vistara,Hyderabad,Hyderabad,Economy,Morning,6,27995
SpiceJet,Delhi,Mumbai,Economy,Evening,2,19977
SpiceJet,Delhi,Chennai,Business,Morning,1,4774
Vistara,Chennai,Chennai,Economy,Night,10,13651
SpiceJet,Chennai,Hyderabad,Economy,Night,21,3935
Vistara,Mumbai,Hyderabad,Economy,Morning,5,16395
Air India,Hyderabad,Bangalore,Economy,Evening,2,6808
Vistara,Hyderabad,Delhi,Economy,Morning,22,19715
Vistara,Bangalore,Hyderabad,Economy,Night,16,14641
SpiceJet,Mumbai,Hyderabad,Economy,Morning,25,27306
SpiceJet,Mumbai,Mumbai,Economy,Night,2,22086
IndiGo,Mumbai,Chennai,Economy,Morning,10,17376
IndiGo,Mumbai,Delhi,Economy,Evening,2,8889
Air India,Hyderabad,Mumbai,Business,Evening,16,8054
IndiGo,Hyderabad,Bangalore,Business,Morning,16,6868
Vistara,Mumbai,Bangalore,Economy,Morning,19,23584
SpiceJet,Bangalore,Hyderabad,Business,Evening,29,19585
IndiGo,Delhi,Hyderabad,Economy,Night,7,21881
IndiGo,Delhi,Bangalore,Economy,Evening,22,4842
Air India,Bangalore,Hyderabad,Economy,Night,12,13058
Air India,Mumbai,Delhi,Economy,Morning,24,29572
Vistara,Hyderabad,Hyderabad,Economy,Morning,15,12101
SpiceJet,Delhi,Chennai,Business,Night,8,15497
Air India,Chennai,Hyderabad,Economy,Morning,6,7658
IndiGo,Chennai,Mumbai,Economy,Night,28,14381
SpiceJet,Bangalore,Delhi,Economy,Afternoon,27,10544
SpiceJet,Mumbai,Mumbai,Business,Evening,10,10718
IndiGo,Delhi,Mumbai,Economy,Afternoon,3,16851
Air India,Mumbai,Chennai,Economy,Night,19,20154
IndiGo,Delhi,Delhi,Economy,Evening,17,22539
SpiceJet,Bangalore,Delhi,Economy,Night,7,14777
AirAsia,Bangalore,Delhi,Business,Evening,21,4628
AirAsia,Chennai,Delhi,Business,Evening,20,3386
Vistara,Mumbai,Delhi,Economy,Evening,26,9031
IndiGo,Chennai,Chennai,Business,Evening,4,9439
IndiGo,Mumbai,Hyderabad,Economy,Night,14,25785
Vistara,Chennai,Mumbai,Business,Evening,20,16392
Vistara,Hyderabad,Delhi,Economy,Evening,22,23392
Vistara,Hyderabad,Hyderabad,Economy,Afternoon,15,21850
SpiceJet,Hyderabad,Hyderabad,Economy,Morning,24,5282
IndiGo,Hyderabad,Mumbai,Economy,Morning,8,4856
SpiceJet,Delhi,Chennai,Economy,Afternoon,21,18670
Vistara,Hyderabad,Bangalore,Economy,Afternoon,15,27364
IndiGo,Bangalore,Bangalore,Economy,Night,22,4998
SpiceJet,Bangalore,Hyderabad,Economy,Night,20,8476
SpiceJet,Delhi,Mumbai,Economy,Night,28,12428
Vistara,Hyderabad,Bangalore,Economy,Afternoon,14,7669
IndiGo,Hyderabad,Hyderabad,Business,Afternoon,27,15336
Vistara,Hyderabad,Chennai,Economy,Evening,29,12342
IndiGo,Chennai,Bangalore,Economy,Night,9,23702
AirAsia,Mumbai,Hyderabad,Economy,Night,8,10064
Air India,Chennai,Hyderabad,Business,Night,26,10446
Air India,Mumbai,Delhi,Economy,Morning,28,20815
Air India,Hyderabad,Chennai,Economy,Evening,26,8624
Vistara,Hyderabad,Delhi,Business,Night,17,10461
AirAsia,Chennai,Mumbai,Business,Night,2,4819
IndiGo,Chennai,Delhi,Economy,Night,25,13516
SpiceJet,Mumbai,Delhi,Economy,Morning,24,16749
IndiGo,Bangalore,Bangalore,Economy,Morning,3,20514
SpiceJet,Mumbai,Hyderabad,Business,Afternoon,8,25947
IndiGo,Chennai,Chennai,Economy,Evening,12,5658
AirAsia,Chennai,Delhi,Economy,Afternoon,1,6500
SpiceJet,Delhi,Chennai,Business,Evening,10,27950
Vistara,Chennai,Delhi,Economy,Morning,20,5120
IndiGo,Delhi,Mumbai,Economy,Night,3,7020
IndiGo,Bangalore,Delhi,Economy,Afternoon,6,13213
SpiceJet,Mumbai,Bangalore,Economy,Night,7,6259
Vistara,Mumbai,Hyderabad,Economy,Afternoon,20,13081
Vistara,Delhi,Mumbai,Economy,Morning,23,4823
AirAsia,Mumbai,Delhi,Economy,Morning,25,20858
Vistara,Chennai,Chennai,Economy,Morning,27,21626
Vistara,Hyderabad,Mumbai,Business,Afternoon,18,16467
Vistara,Delhi,Mumbai,Economy,Evening,11,22627
Air India,Mumbai,Delhi,Business,Afternoon,19,9990
AirAsia,Delhi,Mumbai,Economy,Evening,5,24544
IndiGo,Delhi,Chennai,Business,Afternoon,19,6134
SpiceJet,Hyderabad,Mumbai,Economy,Afternoon,11,21454
IndiGo,Chennai,Chennai,Economy,Morning,24,19743
AirAsia,Delhi,Delhi,Economy,Night,12,18434
SpiceJet,Mumbai,Hyderabad,Business,Night,10,18007
AirAsia,Bangalore,Mumbai,Economy,Evening,8,13233
Vistara,Delhi,Hyderabad,Economy,Night,24,19378
SpiceJet,Delhi,Chennai,Economy,Afternoon,28,4141
Vistara,Hyderabad,Mumbai,Business,Afternoon,28,21019
IndiGo,Chennai,Bangalore,Economy,Morning,9,23384
IndiGo,Bangalore,Hyderabad,Economy,Morning,4,13135
SpiceJet,Mumbai,Mumbai,Economy,Night,5,15966
SpiceJet,Bangalore,Hyderabad,Business,Evening,21,6361
AirAsia,Mumbai,Mumbai,Economy,Night,8,25967
AirAsia,Chennai,Delhi,Economy,Night,23,10835
Vistara,Mumbai,Hyderabad,Economy,Night,9,14172
SpiceJet,Hyderabad,Bangalore,Economy,Night,15,19390
IndiGo,Hyderabad,Bangalore,Economy,Afternoon,15,6267
AirAsia,Hyderabad,Chennai,Economy,Evening,16,9564
AirAsia,Hyderabad,Mumbai,Economy,Afternoon,14,29167
IndiGo,Bangalore,Hyderabad,Economy,Evening,8,24312
AirAsia,Chennai,Chennai,Economy,Morning,18,21990
Vistara,Mumbai,Hyderabad,Economy,Night,10,14411
SpiceJet,Mumbai,Mumbai,Economy,Afternoon,28,8906
IndiGo,Hyderabad,Bangalore,Economy,Evening,20,19028
SpiceJet,Hyderabad,Delhi,Economy,Morning,6,22657
AirAsia,Delhi,Bangalore,Economy,Morning,12,10611
AirAsia,Chennai,Chennai,Economy,Night,2,20297
IndiGo,Bangalore,Delhi,Economy,Evening,7,5011
Vistara,Mumbai,Chennai,Economy,Afternoon,16,20826
Air India,Delhi,Mumbai,Economy,Night,3,24930
IndiGo,Delhi,Delhi,Business,Afternoon,13,14246
Air India,Mumbai,Chennai,Economy,Morning,3,16790
Air India,Bangalore,Mumbai,Economy,Afternoon,27,14738
Vistara,Delhi,Bangalore,Economy,Afternoon,18,17730
Air India,Delhi,Mumbai,Economy,Night,11,14120
Air India,Chennai,Hyderabad,Economy,Afternoon,8,21213
Vistara,Bangalore,Mumbai,Economy,Night,6,11767
Air India,Delhi,Mumbai,Economy,Morning,1,25852
Air India,Bangalore,Hyderabad,Economy,Night,28,16703
Air India,Mumbai,Chennai,Economy,Night,1,3929
IndiGo,Hyderabad,Chennai,Economy,Evening,23,14951
IndiGo,Delhi,Mumbai,Business,Afternoon,8,23083
IndiGo,Chennai,Hyderabad,Economy,Morning,5,29039
Vistara,Mumbai,Hyderabad,Business,Night,28,18845
AirAsia,Bangalore,Bangalore,Economy,Morning,16,20438
Air India,Mumbai,Chennai,Economy,Evening,11,18747
Air India,Delhi,Delhi,Economy,Afternoon,5,8744
Vistara,Bangalore,Chennai,Economy,Night,4,21284
Air India,Hyderabad,Chennai,Business,Afternoon,6,12649
IndiGo,Mumbai,Bangalore,Economy,Evening,14,9980
AirAsia,Delhi,Delhi,Business,Evening,22,10069
SpiceJet,Chennai,Bangalore,Economy,Morning,19,12591
Air India,Bangalore,Delhi,Business,Night,9,22799
IndiGo,Mumbai,Mumbai,Economy,Morning,12,3442
SpiceJet,Mumbai,Delhi,Economy,Evening,11,25602
AirAsia,Hyderabad,Bangalore,Economy,Afternoon,14,7652
SpiceJet,Hyderabad,Chennai,Economy,Morning,23,27323
IndiGo,Chennai,Delhi,Economy,Morning,16,27217
SpiceJet,Chennai,Delhi,Economy,Afternoon,1,12370
Vistara,Delhi,Hyderabad,Business,Morning,13,10597
SpiceJet,Delhi,Chennai,Economy,Afternoon,23,17325
Air India,Chennai,Mumbai,Economy,Night,21,7458
Air India,Chennai,Bangalore,Economy,Afternoon,21,9591
Vistara,Bangalore,Mumbai,Economy,Night,13,19346
IndiGo,Hyderabad,Chennai,Economy,Afternoon,2,28833
Air India,Delhi,Delhi,Economy,Evening,4,14826
AirAsia,Hyderabad,Delhi,Economy,Evening,28,29417
Air India,Hyderabad,Chennai,Economy,Night,6,21693
Air India,Chennai,Delhi,Economy,Night,26,17138
IndiGo,Bangalore,Delhi,Economy,Evening,27,25652
SpiceJet,Mumbai,Delhi,Economy,Night,23,20294
Air India,Bangalore,Bangalore,Economy,Afternoon,27,23724
Vistara,Bangalore,Bangalore,Economy,Afternoon,5,23393
SpiceJet,Hyderabad,Hyderabad,Economy,Evening,25,26012
AirAsia,Bangalore,Mumbai,Economy,Morning,3,5169
IndiGo,Delhi,Chennai,Business,Afternoon,1,21556
AirAsia,Hyderabad,Chennai,Economy,Night,4,25052
SpiceJet,Delhi,Chennai,Business,Morning,25,9313
SpiceJet,Mumbai,Hyderabad,Economy,Morning,20,11315
SpiceJet,Hyderabad,Bangalore,Economy,Afternoon,2,11036
AirAsia,Mumbai,Hyderabad,Economy,Afternoon,26,26173
SpiceJet,Hyderabad,Chennai,Business,Morning,5,3785
AirAsia,Chennai,Mumbai,Economy,Morning,3,9139
SpiceJet,Bangalore,Delhi,Business,Evening,29,9344
Vistara,Chennai,Bangalore,Business,Night,28,21800
SpiceJet,Mumbai,Bangalore,Economy,Evening,29,28372
AirAsia,Bangalore,Hyderabad,Economy,Afternoon,9,23538
Air India,Hyderabad,Bangalore,Economy,Evening,20,17973
SpiceJet,Bangalore,Chennai,Economy,Evening,6,8619
Air India,Delhi,Chennai,Business,Evening,18,4936
Vistara,Bangalore,Hyderabad,Business,Evening,6,29732
IndiGo,Delhi,Chennai,Economy,Night,19,6807
Vistara,Bangalore,Mumbai,Economy,Night,28,10151
SpiceJet,Delhi,Hyderabad,Economy,Morning,12,12493
Air India,Mumbai,Mumbai,Economy,Afternoon,25,15355
Air India,Chennai,Delhi,Business,Evening,11,6236
AirAsia,Hyderabad,Mumbai,Economy,Morning,2,18848
Air India,Bangalore,Delhi,Economy,Morning,15,5352
AirAsia,Chennai,Delhi,Economy,Morning,12,4932
IndiGo,Hyderabad,Mumbai,Economy,Night,12,13913
SpiceJet,Hyderabad,Hyderabad,Economy,Evening,9,11556
AirAsia,Delhi,Chennai,Economy,Evening,21,24300
IndiGo,Mumbai,Chennai,Economy,Afternoon,24,8498
Air India,Mumbai,Delhi,Economy,Evening,2,13582
Air India,Chennai,Delhi,Business,Evening,22,20330
IndiGo,Mumbai,Hyderabad,Economy,Morning,3,16865
Air India,Bangalore,Bangalore,Economy,Afternoon,12,12569
IndiGo,Mumbai,Mumbai,Economy,Evening,28,20823
AirAsia,Chennai,Delhi,Economy,Night,26,27114
AirAsia,Mumbai,Chennai,Economy,Evening,16,7857
IndiGo,Bangalore,Hyderabad,Economy,Morning,21,3340
AirAsia,Delhi,Mumbai,Economy,Night,28,14181
AirAsia,Chennai,Hyderabad,Economy,Morning,24,19766
AirAsia,Delhi,Mumbai,Economy,Evening,26,29132
Vistara,Delhi,Mumbai,Economy,Night,1,11491
SpiceJet,Delhi,Delhi,Business,Afternoon,21,3138
Air India,Hyderabad,Hyderabad,Economy,Afternoon,3,3358
Vistara,Hyderabad,Hyderabad,Economy,Night,20,24315
AirAsia,Delhi,Chennai,Economy,Night,2,12714
IndiGo,Chennai,Chennai,Economy,Morning,9,22840
AirAsia,Bangalore,Delhi,Economy,Night,19,4627
SpiceJet,Bangalore,Delhi,Economy,Morning,15,28879
AirAsia,Mumbai,Bangalore,Business,Evening,18,18996
IndiGo,Chennai,Chennai,Economy,Morning,26,26010
SpiceJet,Hyderabad,Mumbai,Economy,Night,11,8004
AirAsia,Delhi,Hyderabad,Economy,Night,25,28710
SpiceJet,Mumbai,Delhi,Economy,Evening,23,29762
Air India,Bangalore,Hyderabad,Economy,Night,16,16283
Air India,Hyderabad,Hyderabad,Economy,Night,22,9652
AirAsia,Hyderabad,Bangalore,Economy,Afternoon,17,25800
SpiceJet,Delhi,Chennai,Business,Afternoon,5,22554
IndiGo,Bangalore,Delhi,Economy,Evening,12,23219
AirAsia,Chennai,Hyderabad,Economy,Morning,11,27401
Air India,Hyderabad,Delhi,Economy,Afternoon,15,5151
Air India,Delhi,Mumbai,Economy,Morning,27,12429
AirAsia,Chennai,Bangalore,Economy,Night,3,17072
SpiceJet,Bangalore,Mumbai,Economy,Afternoon,1,14927
Air India,Hyderabad,Delhi,Economy,Evening,20,9905
SpiceJet,Chennai,Delhi,Business,Evening,29,22218
Air India,Chennai,Chennai,Economy,Evening,16,15452
Air India,Chennai,Hyderabad,Economy,Afternoon,2,28574
Vistara,Hyderabad,Hyderabad,Business,Morning,2,19212
Air India,Hyderabad,Mumbai,Economy,Night,3,21951
IndiGo,Mumbai,Bangalore,Economy,Morning,8,4307
AirAsia,Bangalore,Hyderabad,Economy,Morning,24,17852
AirAsia,Delhi,Chennai,Economy,Night,28,28232
SpiceJet,Chennai,Mumbai,Economy,Night,15,5660
Air India,Mumbai,Mumbai,Business,Afternoon,7,13403
IndiGo,Delhi,Chennai,Economy,Afternoon,6,29485
SpiceJet,Mumbai,Bangalore,Economy,Afternoon,9,23114
Vistara,Hyderabad,Chennai,Economy,Afternoon,20,13238
SpiceJet,Chennai,Bangalore,Economy,Afternoon,28,9207
SpiceJet,Delhi,Chennai,Economy,Night,1,22546
Air India,Delhi,Chennai,Economy,Morning,8,4140
Vistara,Delhi,Delhi,Business,Afternoon,23,27842
SpiceJet,Delhi,Mumbai,Economy,Afternoon,23,29421
IndiGo,Delhi,Chennai,Economy,Morning,3,4708
IndiGo,Mumbai,Chennai,Economy,Afternoon,4,6630
AirAsia,Chennai,Hyderabad,Economy,Morning,26,22595
Vistara,Hyderabad,Mumbai,Economy,Morning,25,13485
Vistara,Hyderabad,Hyderabad,Economy,Night,15,15021
AirAsia,Hyderabad,Mumbai,Economy,Evening,6,25922
SpiceJet,Hyderabad,Hyderabad,Economy,Night,15,29086
Vistara,Mumbai,Chennai,Economy,Evening,21,19859
IndiGo,Bangalore,Chennai,Economy,Evening,3,10684
IndiGo,Chennai,Delhi,Business,Evening,25,28552
Air India,Delhi,Hyderabad,Economy,Afternoon,21,4207
Vistara,Bangalore,Bangalore,Economy,Night,21,16331
SpiceJet,Hyderabad,Delhi,Economy,Evening,14,4960
AirAsia,Bangalore,Hyderabad,Business,Morning,20,3557
AirAsia,Chennai,Hyderabad,Business,Afternoon,14,18883
SpiceJet,Delhi,Delhi,Economy,Night,4,16893
Air India,Delhi,Chennai,Business,Evening,12,3882
AirAsia,Chennai,Hyderabad,Economy,Morning,17,29770
Vistara,Chennai,Chennai,Economy,Night,7,7761
Air India,Hyderabad,Delhi,Economy,Night,9,8867
Vistara,Delhi,Chennai,Economy,Afternoon,3,26347
IndiGo,Bangalore,Mumbai,Economy,Night,28,15869
Air India,Mumbai,Bangalore,Business,Afternoon,13,10166
AirAsia,Mumbai,Hyderabad,Economy,Evening,15,15982
Air India,Chennai,Bangalore,Economy,Afternoon,18,10929
Air India,Hyderabad,Chennai,Economy,Morning,19,8347
Air India,Mumbai,Hyderabad,Economy,Afternoon,1,10269
Air India,Delhi,Chennai,Economy,Morning,6,29186
Vistara,Chennai,Mumbai,Economy,Afternoon,27,27509
IndiGo,Bangalore,Delhi,Economy,Night,27,16527
SpiceJet,Chennai,Hyderabad,Business,Evening,23,5454
Air India,Bangalore,Mumbai,Economy,Morning,27,23878
AirAsia,Chennai,Mumbai,Economy,Afternoon,27,21330
Air India,Chennai,Hyderabad,Economy,Afternoon,2,15991
AirAsia,Chennai,Chennai,Economy,Afternoon,24,5808
Vistara,Bangalore,Mumbai,Economy,Night,14,9642
AirAsia,Bangalore,Bangalore,Economy,Night,6,6825
SpiceJet,Chennai,Mumbai,Business,Morning,14,6536
IndiGo,Mumbai,Chennai,Economy,Morning,4,25452
AirAsia,Hyderabad,Chennai,Business,Night,21,18309
AirAsia,Hyderabad,Bangalore,Business,Morning,8,6802
IndiGo,Hyderabad,Mumbai,Economy,Evening,3,24083
SpiceJet,Bangalore,Chennai,Business,Evening,19,21354
Air India,Bangalore,Hyderabad,Economy,Night,14,25190
AirAsia,Mumbai,Delhi,Business,Morning,27,9142
IndiGo,Hyderabad,Delhi,Economy,Afternoon,20,22203
Vistara,Hyderabad,Delhi,Business,Evening,17,12094
IndiGo,Chennai,Mumbai,Business,Night,25,3364
Vistara,Bangalore,Bangalore,Business,Morning,8,23642
SpiceJet,Hyderabad,Chennai,Economy,Night,24,22503
Air India,Mumbai,Hyderabad,Economy,Afternoon,14,18688
IndiGo,Mumbai,Hyderabad,Economy,Evening,26,4863
AirAsia,Hyderabad,Mumbai,Economy,Night,6,19499
SpiceJet,Bangalore,Delhi,Economy,Night,23,10084
IndiGo,Mumbai,Mumbai,Economy,Night,22,11016
AirAsia,Chennai,Bangalore,Economy,Afternoon,16,5384
IndiGo,Mumbai,Bangalore,Business,Night,25,18072
Vistara,Delhi,Chennai,Economy,Afternoon,19,6935
IndiGo,Delhi,Chennai,Business,Afternoon,14,16127
IndiGo,Bangalore,Bangalore,Economy,Afternoon,19,17482
IndiGo,Hyderabad,Bangalore,Business,Evening,3,10742
